{"providers":[{"file":"images:font/assets/logo.png","chars":["\ue010"],"height":9,"ascent":25,"type":"bitmap"},
{"file":"images:font/assets/chest.png","chars":["\ue011"],"height":9,"ascent":8,"type":"bitmap"},
{"file":"images:font/assets/book.png","chars":["\ue012"],"height":9,"ascent":8,"type":"bitmap"},
{"file":"images:font/assets/ender_eye.png","chars":["\ue013"],"height":9,"ascent":8,"type":"bitmap"},
{"file":"images:font/assets/gold_ingot.png","chars":["\ue014"],"height":9,"ascent":8,"type":"bitmap"},
{"file":"images:font/assets/prismarine_crystals.png","chars":["\ue015"],"height":9,"ascent":8,"type":"bitmap"},
{"file":"images:font/assets/emerald.png","chars":["\ue016"],"height":9,"ascent":8,"type":"bitmap"},
{"file":"images:font/assets/bone.png","chars":["\ue017"],"height":9,"ascent":8,"type":"bitmap"}]}