{"providers":[{"file":"mcemojis:font/logo.png","chars":["\ue011"],"height":9,"ascent":25,"type":"bitmap"},
{"file":"mcemojis:font/chest.png","chars":["\ue011"],"height":9,"ascent":8,"type":"bitmap"},
{"file":"mcemojis:font/book.png","chars":["\ue012"],"height":9,"ascent":8,"type":"bitmap"},
{"file":"mcemojis:font/ender_eye.png","chars":["\ue013"],"height":9,"ascent":8,"type":"bitmap"},
{"file":"mcemojis:font/gold_ingot.png","chars":["\ue014"],"height":9,"ascent":8,"type":"bitmap"},
{"file":"mcemojis:font/prismarine_crystals.png","chars":["\ue015"],"height":9,"ascent":8,"type":"bitmap"},
{"file":"mcemojis:font/emerald.png","chars":["\ue016"],"height":9,"ascent":8,"type":"bitmap"},
{"file":"mcemojis:font/bone.png","chars":["\ue017"],"height":9,"ascent":8,"type":"bitmap"}]}